Date,YoY_Change_%,Regime,Volatility_12m,Momentum_6m,Second_Derivative
1998-01-01,28.619952,Stable_Expansion,,,
1998-02-01,36.04143,Strong_Expansion,,,
1998-03-01,39.777746,Strong_Expansion,5.679418,,-1.228387
1998-04-01,42.538068,Strong_Expansion,6.035136,,2.15702
1998-05-01,35.280881,Strong_Expansion,5.267397,,-4.892888
1998-06-01,29.883123,Strong_Expansion,5.420998,,-3.044691
1998-07-01,32.94244,Strong_Expansion,5.03211,4.322487,0.099665
1998-08-01,25.300633,Stable_Expansion,5.787347,-10.740797,-0.128206
1998-09-01,9.53229,Stable_Expansion,9.73303,-30.245456,-3.456862
1998-10-01,2.905771,Stable_Expansion,12.79484,-39.632297,-3.228612
1998-11-01,12.020401,Stable_Expansion,13.091134,-23.26048,5.585479
1998-12-01,13.008513,Stable_Expansion,13.101807,-16.87461,5.585485
1999-01-01,22.127423,Stable_Expansion,13.102261,-10.815017,5.248476
1999-02-01,15.270152,Stable_Expansion,12.897738,-10.030482,-5.323967
1999-03-01,13.427417,Stable_Expansion,12.0691,3.895128,-0.943616
1999-04-01,25.745452,Stable_Expansion,10.196647,22.839681,1.066375
1999-05-01,26.386458,Stable_Expansion,9.247055,14.366058,2.499426
1999-06-01,21.597984,Stable_Expansion,8.654661,8.589471,-0.981913
1999-07-01,17.71835,Stable_Expansion,7.337604,-4.409073,-5.399223
1999-08-01,20.360023,Stable_Expansion,6.963913,5.089871,0.666889
1999-09-01,31.271404,Stable_Expansion,7.723108,17.843987,5.233285
1999-10-01,40.361563,Strong_Expansion,8.393449,14.616112,4.323264
1999-11-01,46.811301,Strong_Expansion,10.51999,20.424842,1.269355
1999-12-01,62.750044,Strong_Expansion,14.589801,41.15206,1.675787
2000-01-01,60.427422,Strong_Expansion,17.019585,42.709072,-3.80426
2000-02-01,74.456905,Extreme_Expansion,20.080696,54.096883,2.526582
2000-03-01,80.452073,Extreme_Expansion,22.204906,49.180669,-3.314525
2000-04-01,45.780642,Extreme_Expansion,21.586569,5.419079,-10.782936
2000-05-01,35.226112,Strong_Expansion,21.074459,-11.585189,-8.194671
2000-06-01,40.904659,Strong_Expansion,19.845956,-21.845385,-0.10554
2000-07-01,39.168773,Strong_Expansion,17.900713,-21.258649,10.978515
2000-08-01,41.334428,Strong_Expansion,15.844994,-33.122478,4.240062
2000-09-01,42.408863,Strong_Expansion,14.955048,-38.043211,-1.534704
2000-10-01,29.190926,Strong_Expansion,15.979189,-16.589717,-3.82735
2000-11-01,8.982428,Stable_Expansion,19.897104,-26.243684,-7.458051
2000-12-01,-13.052193,Stable_Expansion,25.579401,-53.956852,-7.703019
2001-01-01,-19.861833,Contraction,29.995446,-59.030606,2.136099
2001-02-01,-30.020126,Contraction,32.188094,-71.354554,3.350068
2001-03-01,-41.721318,Crisis,32.389995,-84.13018,3.444477
2001-04-01,-34.467616,Crisis,33.684356,-63.658542,4.68778
2001-05-01,-28.739557,Crisis,34.073283,-37.721985,5.295451
2001-06-01,-32.096525,Crisis,33.164873,-19.044332,2.781408
2001-07-01,-34.14452,Crisis,31.345226,-14.282687,-3.100565
2001-08-01,-36.147168,Crisis,27.72727,-6.127042,-2.576903
2001-09-01,-41.552064,Crisis,21.62343,0.169254,-0.682642
2001-10-01,-39.28755,Crisis,14.525746,-4.819934,1.437503
2001-11-01,-32.983906,Crisis,8.467173,-4.244349,2.768764
2001-12-01,-23.724125,Crisis,6.663816,8.3724,4.888225
2002-01-01,-22.896012,Contraction,6.163063,11.248508,-0.4788
2002-02-01,-22.100992,Contraction,6.907502,14.046176,-1.836208
2002-03-01,-8.414332,Contraction,9.178632,33.137732,1.475626
2002-04-01,-9.667454,Contraction,10.67996,29.620096,-0.693745
2002-05-01,-13.788714,Contraction,11.389324,19.195192,-1.63876
2002-06-01,-14.262327,Contraction,11.736739,9.461798,-4.720091
2002-07-01,-17.143597,Contraction,11.54578,5.752414,-0.542716
2002-08-01,-17.818753,Contraction,10.915335,4.282239,1.148701
2002-09-01,-13.818693,Contraction,9.192293,-5.404361,1.491224
2002-10-01,-9.004574,Contraction,7.269414,0.66288,2.56513
2002-11-01,-12.523833,Contraction,5.363941,1.264881,-0.948034
2002-12-01,-13.100023,Contraction,4.707121,1.162304,-1.525417
2003-01-01,-12.128199,Contraction,3.933135,5.015398,-1.280765
2003-02-01,-9.304142,Contraction,3.073713,8.514611,2.114439
2003-03-01,-9.883252,Contraction,2.917987,3.935441,-0.000974
2003-04-01,-9.954612,Contraction,2.891885,-0.950037,-0.347728
2003-05-01,-2.583617,Contraction,4.082152,9.940216,1.515646
2003-06-01,9.293248,Contraction,7.233979,22.393271,4.151992
2003-07-01,21.209826,Stable_Expansion,11.131851,33.338025,3.995979
2003-08-01,20.161557,Stable_Expansion,12.918796,29.465699,-2.806421
2003-09-01,25.778983,Stable_Expansion,14.93491,35.662235,-2.08648
2003-10-01,26.528522,Stable_Expansion,16.467885,36.483134,-3.722346
2003-11-01,30.913015,Stable_Expansion,17.534795,33.496632,1.810921
2003-12-01,30.123843,Stable_Expansion,17.601889,20.830595,-2.135533
2004-01-01,33.975288,Strong_Expansion,17.359641,12.765462,1.033969
2004-02-01,35.534743,Strong_Expansion,16.73608,15.373186,-0.941679
2004-03-01,32.706024,Strong_Expansion,14.781734,6.927042,-0.679849
2004-04-01,38.775596,Strong_Expansion,11.869343,12.247074,0.739375
2004-05-01,26.097252,Strong_Expansion,8.033675,-4.815763,-4.745933
2004-06-01,15.279206,Stable_Expansion,6.900065,-14.844637,-2.663109
2004-07-01,7.692043,Stable_Expansion,8.930239,-26.283245,-4.552245
2004-08-01,12.337321,Stable_Expansion,9.722529,-23.197423,5.774541
2004-09-01,13.127797,Stable_Expansion,10.44466,-19.578228,3.869507
2004-10-01,12.866247,Stable_Expansion,11.022186,-25.909349,2.441871
2004-11-01,15.567921,Stable_Expansion,11.052417,-10.529331,-0.647868
2004-12-01,19.902016,Stable_Expansion,10.831733,4.622811,1.181206
2005-01-01,16.202905,Stable_Expansion,10.242771,8.510861,-1.145854
2005-02-01,17.173717,Stable_Expansion,9.101734,4.836396,-0.576954
2005-03-01,18.503429,Stable_Expansion,8.012464,5.375633,-1.001461
2005-04-01,9.391884,Stable_Expansion,4.904552,-3.474363,-1.804144
2005-05-01,13.186445,Stable_Expansion,3.564501,-2.381476,0.941249
2005-06-01,15.546953,Stable_Expansion,3.572227,-4.355064,0.343599
2005-07-01,24.350525,Stable_Expansion,3.98717,8.14762,5.971706
2005-08-01,23.197819,Stable_Expansion,4.373399,6.024103,-1.649089
2005-09-01,26.334242,Stable_Expansion,5.035864,7.830813,0.258638
2005-10-01,21.146066,Stable_Expansion,4.88038,11.754182,-4.663916
2005-11-01,15.113832,Stable_Expansion,4.905821,1.927388,-1.626509
2005-12-01,12.191311,Stable_Expansion,5.179601,-3.355642,-2.019648
2006-01-01,16.206013,Stable_Expansion,5.17952,-8.144512,3.067626
2006-02-01,11.854541,Stable_Expansion,5.448812,-11.343279,0.560254
2006-03-01,14.322361,Stable_Expansion,5.494993,-12.011881,1.796781
2006-04-01,21.944198,Stable_Expansion,5.116805,0.798132,1.202378
2006-05-01,16.501067,Stable_Expansion,4.922067,1.387234,-0.363886
2006-06-01,12.197918,Stable_Expansion,5.176154,0.006608,-2.25699
2006-07-01,9.602928,Stable_Expansion,5.267415,-6.603085,-3.405609
2006-08-01,7.764909,Stable_Expansion,5.423137,-4.089631,1.201704
2006-09-01,6.989034,Stable_Expansion,4.716876,-7.333327,1.175758
2006-10-01,11.607217,Stable_Expansion,4.138198,-10.336981,2.404391
2006-11-01,21.405576,Stable_Expansion,4.776347,4.904509,3.878793
2006-12-01,24.248458,Stable_Expansion,5.6526,12.050539,1.206252
2007-01-01,21.77955,Stable_Expansion,6.01789,12.176622,-2.362364
2007-02-01,28.669639,Stable_Expansion,7.078505,20.90473,-0.969423
2007-03-01,22.503374,Stable_Expansion,7.250061,15.514339,-3.003049
2007-04-01,29.008463,Stable_Expansion,7.933631,17.401245,2.991332
2007-05-01,49.569654,Strong_Expansion,12.121165,28.164078,4.557034
2007-06-01,62.40641,Strong_Expansion,16.784094,38.157952,6.334341
2007-07-01,62.647256,Strong_Expansion,19.268038,40.867706,-2.088081
2007-08-01,45.357464,Strong_Expansion,18.534843,16.687824,-12.616995
2007-09-01,37.183547,Strong_Expansion,16.769176,14.680174,-7.003557
2007-10-01,40.816182,Strong_Expansion,15.154829,11.807719,1.130596
2007-11-01,28.719663,Strong_Expansion,14.601781,-20.84999,1.731091
2007-12-01,17.146738,Stable_Expansion,15.324446,-45.259671,-1.133003
2008-01-01,17.362747,Stable_Expansion,15.773655,-45.284509,-1.138875
2008-02-01,17.410351,Stable_Expansion,16.612672,-27.947112,4.048041
2008-03-01,9.97114,Stable_Expansion,17.873653,-27.212408,1.377904
2008-04-01,-2.859239,Stable_Expansion,20.920167,-43.675421,-4.348796
2008-05-01,-10.646278,Contraction,23.431559,-39.365942,-2.611548
2008-06-01,-15.069875,Contraction,23.500559,-32.216613,1.005205
2008-07-01,-17.55655,Contraction,21.821924,-34.919297,3.447901
2008-08-01,-10.389958,Contraction,20.425549,-27.800309,4.984544
2008-09-01,-3.720092,Contraction,18.696544,-13.691232,3.697821
2008-10-01,-26.370434,Contraction,17.308823,-23.511195,-6.721222
2008-11-01,-40.111119,Contraction,18.416129,-29.464841,-6.969092
2008-12-01,-40.841618,Crisis,19.535304,-25.771743,-2.466788
2009-01-01,-43.924648,Crisis,19.67519,-26.368098,6.522437
2009-02-01,-47.053473,Crisis,18.695649,-36.663515,3.537287
2009-03-01,-41.626815,Crisis,16.837918,-37.906723,2.052386
2009-04-01,-37.403514,Crisis,15.614336,-11.03308,2.435444
2009-05-01,-37.238079,Crisis,14.81045,2.873041,1.098087
2009-06-01,-37.404149,Crisis,14.136755,3.437469,-1.864243
2009-07-01,-33.371396,Crisis,13.388254,10.553253,-0.063516
2009-08-01,-27.265758,Crisis,11.520398,19.787715,1.980067
2009-09-01,-26.504505,Contraction,6.904067,15.12231,0.309108
2009-10-01,-4.38235,Contraction,11.350055,33.021165,6.029801
2009-11-01,10.404955,Contraction,17.097863,47.643033,2.893889
2009-12-01,24.841925,Stable_Expansion,22.999311,62.246074,4.558572
2010-01-01,29.973611,Stable_Expansion,27.033573,63.345006,-5.66349
2010-02-01,32.056297,Stable_Expansion,29.114785,59.322055,-4.234873
2010-03-01,36.197522,Strong_Expansion,30.623452,62.702027,-3.431915
2010-04-01,42.084515,Strong_Expansion,31.751784,46.466865,0.251769
2010-05-01,25.263408,Strong_Expansion,30.027443,14.858453,-6.301264
2010-06-01,21.213042,Stable_Expansion,26.934838,-3.628883,-2.73053
2010-07-01,16.934081,Stable_Expansion,23.057888,-13.03953,-3.388652
2010-08-01,13.59571,Stable_Expansion,18.875683,-18.460587,4.494245
2010-09-01,13.550591,Stable_Expansion,12.744853,-22.646931,1.335082
2010-10-01,14.326838,Stable_Expansion,10.124191,-27.757678,1.685069
2010-11-01,23.24892,Stable_Expansion,9.271958,-2.014488,4.086818
2010-12-01,19.542376,Stable_Expansion,9.37672,-1.670666,-1.220475
2011-01-01,22.672872,Stable_Expansion,9.188784,5.738791,0.78475
2011-02-01,32.360984,Stable_Expansion,9.215289,18.765275,0.255343
2011-03-01,27.939366,Stable_Expansion,8.450637,14.388775,-0.238358
2011-04-01,22.105566,Stable_Expansion,5.861931,7.778728,-2.988098
2011-05-01,32.457571,Stable_Expansion,6.646031,9.208651,0.221297
2011-06-01,31.181754,Stable_Expansion,7.185866,11.639378,1.0486
2011-07-01,28.827374,Strong_Expansion,7.169616,6.154502,1.159807
2011-08-01,15.089186,Stable_Expansion,6.99315,-17.271798,-8.030064
2011-09-01,3.374575,Stable_Expansion,8.725974,-24.564791,-3.479598
2011-10-01,4.482118,Stable_Expansion,9.965701,-17.623448,1.153974
2011-11-01,-1.748885,Stable_Expansion,12.059904,-34.206456,2.502395
2011-12-01,-3.845345,Contraction,13.869448,-35.027099,3.20605
2012-01-01,-5.208219,Contraction,15.263917,-34.035592,-0.823472
2012-02-01,-7.43827,Contraction,15.607316,-22.527456,1.33365
2012-03-01,-6.920962,Contraction,15.669398,-10.295538,0.871256
2012-04-01,-7.129457,Contraction,15.780416,-11.611575,0.384793
2012-05-01,-11.409866,Contraction,14.344103,-9.660981,-0.683452
2012-06-01,-7.043991,Contraction,11.555874,-3.198647,1.282856
2012-07-01,-9.010308,Contraction,7.423951,-3.80209,-0.585941
2012-08-01,3.732687,Contraction,5.326575,11.170957,5.674468
2012-09-01,13.706052,Stable_Expansion,7.15165,20.627014,1.869164
2012-10-01,7.979421,Stable_Expansion,7.551175,15.108879,-1.253438
2012-11-01,15.632218,Stable_Expansion,9.258042,27.042084,-1.696733
2012-12-01,17.70231,Stable_Expansion,10.71792,24.746301,-2.634424
2013-01-01,25.264004,Stable_Expansion,12.699524,34.274312,4.429441
2013-02-01,20.843846,Stable_Expansion,13.215895,17.111159,-4.024318
2013-03-01,22.102384,Stable_Expansion,13.434215,8.396332,-0.270518
2013-04-01,21.93708,Stable_Expansion,13.134911,13.957658,-2.575666
2013-05-01,27.434499,Stable_Expansion,12.0918,11.802281,3.305859
2013-06-01,27.022421,Stable_Expansion,10.796391,9.320111,-0.556872
2013-07-01,31.441193,Stable_Expansion,8.218143,6.177189,1.528025
2013-08-01,29.353454,Stable_Expansion,6.962817,8.509608,-2.528386
2013-09-01,27.625096,Stable_Expansion,6.662676,5.522713,-0.43876
2013-10-01,29.999854,Stable_Expansion,5.02155,8.062774,-0.681338
2013-11-01,29.859066,Stable_Expansion,4.316972,2.424567,0.648984
2013-12-01,34.785879,Strong_Expansion,4.189232,7.763458,2.21839
2014-01-01,25.617137,Strong_Expansion,4.174801,-5.824056,-3.847833
2014-02-01,28.626031,Stable_Expansion,3.645682,-0.727423,1.049894
2014-03-01,20.79528,Stable_Expansion,3.851116,-6.829816,-4.252521
2014-04-01,16.276424,Stable_Expansion,4.859265,-13.72343,1.549962
2014-05-01,18.365263,Stable_Expansion,5.514963,-11.493802,-0.306685
2014-06-01,23.201719,Stable_Expansion,5.600953,-11.58416,4.222402
2014-07-01,21.006986,Stable_Expansion,5.544787,-4.610151,0.774708
2014-08-01,20.885431,Stable_Expansion,5.542992,-7.7406,-0.736798
2014-09-01,16.414155,Stable_Expansion,5.945214,-4.381125,-3.102577
2014-10-01,10.755873,Stable_Expansion,6.676958,-5.520551,-1.154517
2014-11-01,8.756557,Stable_Expansion,7.236399,-9.608706,-0.62592
2014-12-01,3.605837,Stable_Expansion,7.221578,-19.595882,-0.226481
2015-01-01,-0.343965,Stable_Expansion,8.467327,-21.350952,0.569494
2015-02-01,0.563641,Stable_Expansion,8.446622,-20.321791,0.968974
2015-03-01,6.173606,Stable_Expansion,8.329873,-10.240549,3.586895
2015-04-01,15.734383,Stable_Expansion,8.306833,4.97851,4.503526
2015-05-01,13.949159,Stable_Expansion,8.098931,5.192602,-0.89761
2015-06-01,9.096104,Stable_Expansion,7.262249,5.490267,-3.487674
2015-07-01,6.431695,Stable_Expansion,6.53693,6.775661,-4.075062
2015-08-01,2.986028,Stable_Expansion,5.642786,2.422387,-0.553481
2015-09-01,-1.314147,Stable_Expansion,5.514195,-7.487753,0.184293
2015-10-01,4.271356,Stable_Expansion,5.360506,-11.463027,2.74997
2015-11-01,3.841915,Stable_Expansion,5.303682,-10.107244,1.005409
2015-12-01,1.550763,Stable_Expansion,5.399765,-7.545341,0.669674
2016-01-01,0.273323,Stable_Expansion,5.344337,-6.158372,-2.287648
2016-02-01,-6.093404,Contraction,6.163073,-9.079432,-1.979096
2016-03-01,-6.591192,Contraction,6.945402,-5.277045,0.597788
2016-04-01,-9.961743,Contraction,6.850923,-14.233099,-0.697704
2016-05-01,-9.563739,Contraction,6.31998,-13.405654,2.25491
2016-06-01,-11.008346,Contraction,6.231353,-12.559108,-0.315606
2016-07-01,-3.301592,Contraction,5.624,-3.574915,3.692435
2016-08-01,-1.1247,Contraction,5.350832,4.968705,0.592963
2016-09-01,8.714625,Stable_Expansion,6.367565,15.305817,3.76131
2016-10-01,1.910531,Stable_Expansion,6.175746,11.872274,-4.836949
2016-11-01,4.765526,Stable_Expansion,6.268561,14.329265,0.226035
2016-12-01,5.150126,Stable_Expansion,6.561163,16.158471,-3.151575
2017-01-01,13.620074,Stable_Expansion,7.998909,16.921666,5.091347
2017-02-01,19.926142,Stable_Expansion,9.843251,21.050842,1.150358
2017-03-01,19.376577,Stable_Expansion,10.818106,10.661952,-0.311388
2017-04-01,19.310026,Stable_Expansion,10.878415,17.399495,-2.8455
2017-05-01,18.963719,Stable_Expansion,10.356535,14.198192,-2.217459
2017-06-01,19.81437,Stable_Expansion,8.930912,14.664244,0.466739
2017-07-01,15.82028,Stable_Expansion,7.869027,2.200206,-1.309179
2017-08-01,16.937923,Stable_Expansion,6.73734,-2.988219,0.487983
2017-09-01,12.15634,Stable_Expansion,6.577528,-7.220237,-1.877411
2017-10-01,16.052772,Stable_Expansion,5.375701,-3.257254,2.630174
2017-11-01,16.195284,Stable_Expansion,4.264757,-2.768435,-0.325044
2017-12-01,21.42652,Stable_Expansion,2.798207,1.612151,3.337606
2018-01-01,20.261509,Stable_Expansion,2.619311,4.441229,-1.687148
2018-02-01,13.440385,Stable_Expansion,2.849312,-3.497538,-2.321212
2018-03-01,11.695351,Stable_Expansion,3.222749,-0.46099,-2.325423
2018-04-01,10.410683,Stable_Expansion,3.603966,-5.64209,-0.039885
2018-05-01,14.787461,Stable_Expansion,3.502278,-1.407823,3.732634
2018-06-01,10.726939,Stable_Expansion,3.52593,-10.699581,-0.771829
2018-07-01,9.820765,Stable_Expansion,3.811675,-10.440744,0.126165
2018-08-01,9.358211,Stable_Expansion,3.993326,-4.082173,-1.613111
2018-09-01,6.892571,Stable_Expansion,4.45949,-4.80278,0.531627
2018-10-01,-0.031752,Stable_Expansion,5.809809,-10.442434,-2.006049
2018-11-01,-5.551128,Stable_Expansion,7.543158,-20.338589,-1.685608
2018-12-01,-13.769956,Contraction,9.419978,-24.496895,-1.917729
2019-01-01,-14.613289,Contraction,10.398849,-24.434053,2.026997
2019-02-01,-9.899638,Contraction,10.737682,-19.257849,3.411009
2019-03-01,-11.038149,Contraction,10.96804,-17.93072,2.360105
2019-04-01,-9.747311,Contraction,10.87061,-9.715559,0.71139
2019-05-01,-14.977277,Contraction,10.299511,-9.426149,-3.314539
2019-06-01,-7.825719,Contraction,9.302665,5.944237,2.763357
2019-07-01,-7.759157,Contraction,8.034514,6.854132,-0.408092
2019-08-01,-13.412273,Contraction,6.463345,-3.512635,-0.14105
2019-09-01,-14.228098,Contraction,4.463682,-3.189949,-2.655794
2019-10-01,-8.728945,Contraction,3.176313,1.018365,1.810863
2019-11-01,-4.912478,Contraction,3.278921,10.0648,3.156528
2019-12-01,4.498769,Contraction,5.390899,12.324487,3.409024
2020-01-01,-1.164781,Contraction,5.599494,6.594376,-3.720901
2020-02-01,-6.207448,Contraction,5.603022,7.204825,-2.953045
2020-03-01,-16.501717,Contraction,6.077876,-2.273619,-6.568505
2020-04-01,-10.87527,Contraction,6.109015,-2.146325,3.763332
2020-05-01,-2.849753,Contraction,5.942339,2.062725,4.356061
2020-06-01,-1.950012,Contraction,6.151217,-6.448781,3.731337
2020-07-01,1.941578,Contraction,6.659873,3.106359,-0.578285
2020-08-01,14.277546,Stable_Expansion,8.481359,20.484994,1.436817
2020-09-01,17.703225,Stable_Expansion,9.843324,34.204942,0.841979
2020-10-01,18.879958,Stable_Expansion,11.080283,29.755228,-0.904953
2020-11-01,28.152807,Stable_Expansion,13.338531,31.00256,-1.021039
2020-12-01,34.324722,Stable_Expansion,15.99063,36.274734,0.915412
2021-01-01,42.148085,Strong_Expansion,18.792617,40.206507,2.215544
2021-02-01,49.2643,Strong_Expansion,21.140666,34.986754,-0.718878
2021-03-01,71.618286,Strong_Expansion,24.426016,53.915061,5.394024
2021-04-01,61.462256,Extreme_Expansion,24.531631,42.582299,-5.993131
2021-05-01,55.938271,Extreme_Expansion,23.684882,27.785464,-4.2134
2021-06-01,50.870397,Strong_Expansion,21.438641,16.545674,-9.14062
2021-07-01,37.550136,Strong_Expansion,18.355068,-4.597949,-1.054744
2021-08-01,41.205056,Strong_Expansion,16.447019,-8.059244,3.059635
2021-09-01,38.022906,Strong_Expansion,14.61411,-33.59538,0.628575
2021-10-01,41.945025,Strong_Expansion,12.331198,-19.517232,5.74746
2021-11-01,27.20885,Strong_Expansion,12.458048,-28.729421,-6.130365
2021-12-01,16.963718,Stable_Expansion,14.732867,-33.906679,-2.354327
2022-01-01,3.885776,Stable_Expansion,18.855606,-33.66436,-5.666687
2022-02-01,2.651534,Stable_Expansion,21.664143,-38.553522,4.500644
2022-03-01,-2.782928,Stable_Expansion,21.640961,-40.805834,1.603557
2022-04-01,-8.763837,Contraction,22.21398,-50.708862,2.365678
2022-05-01,-12.613593,Contraction,22.457441,-39.822443,-0.871838
2022-06-01,-22.520953,Contraction,23.172707,-39.48467,-1.490966
2022-07-01,-17.47469,Contraction,23.437194,-21.360466,3.675724
2022-08-01,-24.547115,Contraction,22.897586,-27.198649,-1.074223
2022-09-01,-26.475861,Contraction,21.589283,-23.692933,2.659538
2022-10-01,-30.586133,Contraction,18.071864,-21.822296,-3.052179
2022-11-01,-29.916786,Contraction,15.285904,-17.303193,2.580591
2022-12-01,-33.335714,Crisis,13.167264,-10.814761,-0.496727
2023-01-01,-22.709812,Contraction,11.48645,-5.235122,4.912058
2023-02-01,-25.246901,Contraction,9.301495,-0.699786,-1.068812
2023-03-01,-19.287072,Contraction,7.301224,7.188789,3.126252
2023-04-01,-18.240873,Contraction,6.05179,12.345261,-3.193234
2023-05-01,-14.446493,Contraction,5.766251,15.470294,2.11049
2023-06-01,-0.324386,Contraction,8.899208,33.011328,2.720759
2023-07-01,1.873329,Contraction,11.220419,24.583141,0.383838
2023-08-01,0.203261,Stable_Expansion,12.55788,25.450161,-1.821483
2023-09-01,2.535658,Stable_Expansion,13.573016,21.82273,-3.929903
2023-10-01,-2.207759,Stable_Expansion,13.228565,16.033113,-2.313711
2023-11-01,2.656796,Stable_Expansion,12.874177,17.103289,2.178208
2023-12-01,15.513658,Stable_Expansion,12.792654,15.838044,3.508155
2024-01-01,9.473541,Stable_Expansion,12.487334,7.600212,-0.432233
2024-02-01,18.992311,Stable_Expansion,12.156872,18.78905,1.551405
2024-03-01,21.490667,Stable_Expansion,12.057123,18.955009,-3.452835
2024-04-01,22.709902,Stable_Expansion,11.226197,24.917661,2.419784
2024-05-01,25.654874,Stable_Expansion,10.345406,22.998078,-2.191266
2024-06-01,18.803396,Stable_Expansion,10.100729,3.289739,-3.116611
2024-07-01,14.22882,Stable_Expansion,9.652803,4.755278,-1.93127
2024-08-01,15.667346,Stable_Expansion,8.861022,-3.324965,-0.502148
2024-09-01,19.441254,Stable_Expansion,8.229902,-2.049413,3.541795
2024-10-01,28.348781,Stable_Expansion,6.986804,5.638878,4.494034
2024-11-01,34.796418,Stable_Expansion,6.834176,9.141544,1.669703
2024-12-01,28.310696,Strong_Expansion,6.994392,9.5073,-3.419876
2025-01-01,33.516578,Strong_Expansion,6.674615,19.287759,-1.233882
2025-02-01,23.578698,Stable_Expansion,6.522822,7.911352,-5.461839
2025-03-01,12.265729,Stable_Expansion,7.324248,-7.175525,-1.609082
2025-04-01,9.683751,Stable_Expansion,8.290521,-18.66503,-2.595954
2025-05-01,13.778691,Stable_Expansion,8.523363,-21.017726,4.677607
2025-06-01,24.543877,Stable_Expansion,8.547784,-3.766819,7.359385
2025-07-01,26.110491,Stable_Expansion,8.312174,-7.406087,1.382864
2025-08-01,32.936969,Stable_Expansion,8.513544,9.358271,0.910512
2025-09-01,38.524196,Strong_Expansion,9.338565,26.258467,-1.725986
2025-10-01,45.167893,Strong_Expansion,10.926726,35.484143,1.692361
2025-11-01,36.310072,Strong_Expansion,11.033945,22.53138,-5.2281
2025-12-01,36.303449,Strong_Expansion,11.352896,11.759572,-1.864616
